date	good_day	weekend	ate_reasonably	caffeine	hours_worked	sick_day	vacation	hrs_of_sleep	sleep_quality	breakfast	anxiety	energy_at_start	meeetings	prod_support	am_progress	am_quality	am_mood	am_stress	am_motivation	am_focus	am_hunger	am_contact_switching	pm_progress	pm_quality	pm_mood	pm_stress	pm_motivation	pm_focus	pm_hunger	pm_contact_switching	interruptions	tasks	progress	quality	mood	stress	motivation	focus
2019-07-08	FALSE	FALSE	FALSE	275	9.5	FALSE	FALSE	9	bad	TRUE	good		few	FALSE		2-Bad								4-Good								1	0	3	0	0	0	0
2019-7-9	FALSE	FALSE	FALSE	345	9.5	FALSE	FALSE	7	good	FALSE	good		few	FALSE		4-Good								1-Very bad								2+	0	2.5	0	0	0	0
2019-7-10	FALSE	FALSE	FALSE	155	7.5	FALSE	FALSE	7	good	FALSE	okay		none	FALSE		3-Okay								3-Okay								1	0	3	0	0	0	0
2019-7-11	FALSE	FALSE	FALSE	125	8	FALSE	FALSE	8	good	FALSE	good		none	FALSE		2-Bad								5-Very good								1	0	3.5	0	0	0	0
2019-7-12	FALSE	FALSE	FALSE	30	8	FALSE	FALSE	9	okay	TRUE	good		few	FALSE		4-Good								3-Okay								2	0	3.5	0	0	0	0
2019-7-15	FALSE	FALSE	FALSE	185	8.5	FALSE	FALSE	9.5	okay	FALSE	bad		few	FALSE		3-Okay								2-Bad								2+	0	2.5	0	0	0	0
2019-7-16	FALSE	FALSE	FALSE	125	9	FALSE	FALSE	7.5	good	FALSE	good		few	FALSE		4-Good								3-Okay								1	0	3.5	0	0	0	0
2019-7-17	FALSE	FALSE	FALSE	80	9	FALSE	FALSE	7.5	good	FALSE	very bad		none	FALSE		3-Okay								4-Good								2	0	3.5	0	0	0	0
2019-7-18	FALSE	FALSE	FALSE	415	8	FALSE	FALSE	8	okay	FALSE	good		none	FALSE		4-Good								2-Bad								1	0	3	0	0	0	0
2019-7-19	FALSE	FALSE	FALSE	80	8	FALSE	FALSE	5	good	FALSE	good		many	FALSE		4-Good								3-Okay								1	0	3.5	0	0	0	0
2019-7-22	FALSE	FALSE	FALSE	220	8	FALSE	FALSE	5	good	FALSE	good		many	FALSE		4-Good								3-Okay								1	0	3.5	0	0	0	0
2019-7-23	FALSE	FALSE	FALSE	250	8	FALSE	FALSE	6	okay	FALSE	good		few	FALSE		2-Bad								3-Okay								1	0	2.5	0	0	0	0
2019-7-24	FALSE	FALSE	FALSE	205	8	FALSE	FALSE	8	good	FALSE	good		few	FALSE		3-Okay								2-Bad								2	0	2.5	0	0	0	0
2019-7-25	FALSE	FALSE	FALSE	250	8.5	FALSE	FALSE	8	bad	FALSE	good		few	FALSE		4-Good								1-Very bad								2	0	2.5	0	0	0	0
2019-7-26	FALSE	FALSE	FALSE	255	7.5	FALSE	FALSE	9	okay	TRUE	okay		few	FALSE		4-Good								4-Good								2+	0	4	0	0	0	0
2019-7-29	FALSE	FALSE	FALSE	335	8.5	FALSE	FALSE	8	good	TRUE	okay		none	FALSE		4-Good								3-Okay								2+	0	3.5	0	0	0	0
2019-7-30	FALSE	FALSE	FALSE	285	8	FALSE	FALSE	9	bad	FALSE	good		none	FALSE		5-Very good								3-Okay								1	0	4	0	0	0	0
2019-7-31	FALSE	FALSE	FALSE	230	8	FALSE	FALSE	7.5	good	FALSE	good		none	FALSE		4-Good								4-Good								1	0	4	0	0	0	0
2019-8-1	FALSE	FALSE	FALSE	225	8.5	FALSE	FALSE	9.5	good	FALSE	good		few	FALSE	2-Bad	3-Okay							3-Okay	2-Bad								1	2.5	2.5	0	0	0	0
2019-8-2	FALSE	FALSE	FALSE	165	8.5	FALSE	FALSE	8.5	okay	FALSE	good		few	FALSE	4-Good	4-Good	4-Good						3-Okay	4-Good	4-Good							2	3.5	4	4	0	0	0
2019-8-5	FALSE	FALSE	FALSE	200	8	FALSE	FALSE	8	good	FALSE	good		few	FALSE	5-Very good	5-Very good	4-Good						4-Good	4-Good	3-Okay							1	4.5	4.5	3.5	0	0	0
2019-8-6	FALSE	FALSE	FALSE	280	8.75	FALSE	FALSE	6	good	FALSE	good		none	FALSE	3-Okay	4-Good	3-Okay						2-Bad	3-Okay	1-Very bad							1	2.5	3.5	2	0	0	0
2019-8-7	FALSE	FALSE	FALSE	270	8	FALSE	FALSE	8	good	FALSE	good		none	FALSE	4-Good	3-Okay	3-Okay						3-Okay	4-Good	2-Bad							1	3.5	3.5	2.5	0	0	0
2019-8-8	FALSE	FALSE	FALSE	330	8	FALSE	FALSE	8.5	good	FALSE	very good		few	FALSE	5-Very good	4-Good	4-Good						2-Bad	3-Okay	2-Bad							2	3.5	3.5	3	0	0	0
2019-8-9	FALSE	FALSE	FALSE	300	8.25	FALSE	FALSE	6	good	FALSE	good		few	FALSE	2-Bad	2-Bad	1-Very bad						2-Bad	3-Okay	1-Very bad							2+	2	2.5	1	0	0	0
2019-8-11	FALSE	TRUE	FALSE	-	3	FALSE	FALSE	10	okay	FALSE	bad		none	FALSE																		2+	0	0	0	0	0	0
2019-8-12	FALSE	FALSE	FALSE	420	8.5	FALSE	FALSE	8.5	good	FALSE	okay		many	FALSE	4-Good	4-Good	3-Okay						3-Okay	3-Okay	3-Okay							2+	3.5	3.5	3	0	0	0
2019-8-13	FALSE	FALSE	FALSE	325	11	FALSE	FALSE	7.25	good	FALSE	good		few	FALSE	5-Very good	5-Very good	5-Very good						4-Good	4-Good	3-Okay						few	2+	4.5	4.5	4	0	0	0
2019-8-14	FALSE	FALSE	FALSE	400	9.75	FALSE	FALSE	6.75	bad	FALSE	okay		few	FALSE	4-Good	4-Good	4-Good						4-Good	3-Okay	3-Okay							2	4	3.5	3.5	0	0	0
2019-8-15	FALSE	FALSE	FALSE	250	8.5	FALSE	FALSE	7.5	good	FALSE	good		few	FALSE	5-Very good	5-Very good	2-Bad						3-Okay	3-Okay	4-Good						none	2+	4	4	3	0	0	0
2019-8-16	FALSE	FALSE	FALSE	200	8	FALSE	FALSE	9.5	good	TRUE	good		few	FALSE	2-Bad	3-Okay	4-Good						3-Okay	4-Good	4-Good						few	2+	2.5	3.5	4	0	0	0
2019-8-17	FALSE	TRUE	FALSE	120	2.25	FALSE	FALSE	9	good	FALSE	good		none	FALSE																			0	0	0	0	0	0
2019-8-18	FALSE	TRUE	FALSE	80	1	FALSE	FALSE	6	okay	TRUE	good		none	FALSE																			0	0	0	0	0	0
2019-8-19	FALSE	FALSE	FALSE	220	8.5	FALSE	FALSE	9	okay	FALSE	good		few	FALSE	4-Good	4-Good	4-Good						4-Good	3-Okay	4-Good						few	2+	4	3.5	4	0	0	0
2019-8-20	FALSE	FALSE	FALSE	265	9.5	FALSE	FALSE	9	okay	FALSE	okay		few	FALSE	4-Good	4-Good	4-Good	1-Very bad					2-Bad	3-Okay	3-Okay	1-Very bad					constant	2+	3	3.5	3.5	1	0	0
2019-8-21	FALSE	FALSE	FALSE	180	9	FALSE	FALSE	8	good	FALSE	bad	2-Bad	few	FALSE	4-Good	5-Very good	4-Good	4-Good					4-Good	4-Good	4-Good	3-Okay					few	2	4	4.5	4	3.5	0	0
2019-8-22	FALSE	FALSE	FALSE	295	8.5	FALSE	FALSE	9.5	okay	FALSE	okay	2-Bad	few	FALSE	4-Good	4-Good	3-Okay	3-Okay					3-Okay	3-Okay	2-Bad	4-Good					many	1	3.5	3.5	2.5	3.5	0	0
2019-8-23	FALSE	FALSE	FALSE	115	8.5	FALSE	FALSE	10	good	FALSE	good	4-Good	few	FALSE	4-Good	4-Good	4-Good	4-Good					2-Bad	3-Okay	5-Very good	5-Very good					many	1	3	3.5	4.5	4.5	0	0
2019-8-25	FALSE	TRUE	FALSE		6	FALSE	FALSE		good	FALSE	good	5-Very good	none	FALSE																			0	0	0	0	0	0
2019-8-26	FALSE	FALSE	FALSE	255	8.5	FALSE	FALSE	8	okay	FALSE	good	4-Good	few	FALSE	2-Bad	4-Good	3-Okay	4-Good					4-Good	4-Good	4-Good	4-Good					few	2+	3	4	3.5	4	0	0
2019-8-27	FALSE	FALSE	FALSE	295	6	FALSE	FALSE	7	very bad	FALSE	very bad	3-Okay	few	FALSE	3-Okay	4-Good	4-Good	4-Good					1-Very bad	1-Very bad	1-Very bad	1-Very bad					many	2	2	2.5	2.5	2.5	0	0
2019-8-28	FALSE	FALSE	FALSE	385	8.5	FALSE	FALSE	10	good	TRUE	okay	4-Good	none	FALSE	5-Very good	5-Very good	4-Good	5-Very good					4-Good	4-Good	4-Good	4-Good					few	2+	4.5	4.5	4	4.5	0	0
2019-8-29	FALSE	FALSE	FALSE	230	8	FALSE	FALSE	8.5	okay	FALSE	good	4-Good	none	FALSE	3-Okay	4-Good	4-Good	4-Good	4-Good				3-Okay	3-Okay	2-Bad	1-Very bad	2-Bad				few	1	3	3.5	3	2.5	3	0
2019-8-30	FALSE	FALSE	FALSE	340	9.25	FALSE	FALSE	9	okay	TRUE	good	3-Okay	many	FALSE	3-Okay	4-Good	3-Okay	4-Good	3-Okay				5-Very good	5-Very good	5-Very good	5-Very good	5-Very good				few	1	4	4.5	4	4.5	4	0
2019-9-2	FALSE	FALSE	FALSE	290	8	FALSE	FALSE	9	good	TRUE	good	4-Good	none	TRUE	4-Good	4-Good	4-Good	5-Very good	3-Okay				4-Good	4-Good	4-Good	5-Very good	2-Bad				none	1	4	4	4	5	2.5	0
2019-9-3	FALSE	FALSE	FALSE	315	10	FALSE	FALSE	8.5	okay	TRUE	good	4-Good	many	TRUE	4-Good	3-Okay	4-Good	5-Very good	5-Very good				5-Very good	5-Very good	4-Good	4-Good	4-Good				few	1	4.5	4	4	4.5	4.5	0
2019-9-4	FALSE	FALSE	FALSE	180	8	FALSE	FALSE	8	good	TRUE	good	4-Good	none	TRUE	4-Good	4-Good	4-Good	5-Very good	3-Okay				4-Good	4-Good	3-Okay	4-Good	2-Bad				few	1	4	4	3.5	4.5	2.5	0
2019-9-5	FALSE	FALSE	FALSE	360	8	FALSE	FALSE	7	okay	FALSE	good	2-Bad	none	TRUE	4-Good	4-Good	2-Bad	3-Okay	1-Very bad				4-Good	4-Good	1-Very bad	3-Okay	1-Very bad				few	1	4	4	1.5	3	1	0
2019-9-6	FALSE	FALSE	FALSE	250	9.75	FALSE	FALSE	10	okay	TRUE	okay	3-Okay	constant	TRUE	4-Good	4-Good	4-Good	4-Good	4-Good				3-Okay	3-Okay	2-Bad	2-Bad	2-Bad				many	1	3.5	3.5	3	3	3	0
2091-9-8	FALSE	TRUE	FALSE		3	FALSE	FALSE		good	FALSE	okay	2-Bad	none	TRUE																			0	0	0	0	0	0
2019-9-9	FALSE	FALSE	FALSE	385	9	FALSE	FALSE	9	good	TRUE	good	4-Good	few	FALSE	3-Okay	3-Okay	4-Good	4-Good	3-Okay				4-Good	4-Good	4-Good	4-Good	4-Good				few	1	3.5	3.5	4	4	3.5	0
2019-9-10	FALSE	FALSE	FALSE	385	8	FALSE	FALSE	7	bad	TRUE	okay	4-Good	none	FALSE	4-Good	4-Good	4-Good	4-Good	4-Good				4-Good	4-Good	4-Good	4-Good	4-Good				few	1	4	4	4	4	4	0
2019-9-11	FALSE	FALSE	FALSE	160	9	FALSE	FALSE	7	good	TRUE	good	4-Good	many	FALSE									5-Very good	4-Good	4-Good	4-Good	5-Very good				many	1	2.5	2	2	2	2.5	0
2019-9-12	FALSE	FALSE	FALSE	210	8	FALSE	FALSE	8	good	TRUE	bad	4-Good	none	FALSE	4-Good	4-Good	5-Very good	5-Very good	3-Okay				2-Bad	3-Okay	4-Good	4-Good	4-Good				few	2+	3	3.5	4.5	4.5	3.5	0
2019-9-13	FALSE	FALSE	FALSE	90	7	FALSE	FALSE	7	very bad	TRUE	okay	2-Bad	few	FALSE	2-Bad	3-Okay	2-Bad	2-Bad	2-Bad				4-Good	3-Okay	3-Okay	2-Bad	3-Okay				many	2+	3	3	2.5	2	2.5	0
2019-9-16	FALSE	FALSE	FALSE	230	8.25	FALSE	FALSE	9	very good	TRUE	very good	2-Bad	few	FALSE	3-Okay	3-Okay	4-Good	5-Very good	4-Good				4-Good	4-Good	4-Good	4-Good	4-Good				few	2+	3.5	3.5	4	4.5	4	0
2019-9-17	FALSE	FALSE	FALSE	295	8	FALSE	FALSE	9	bad	TRUE	very good	3-Okay	few	FALSE	2-Bad	3-Okay	3-Okay	4-Good	2-Bad				4-Good	4-Good	3-Okay	4-Good	3-Okay				many	2+	3	3.5	3	4	2.5	0
2019-9-18	FALSE	FALSE	FALSE	360	8	FALSE	FALSE	8	very good	TRUE	good	4-Good	few	FALSE	4-Good	3-Okay	4-Good	4-Good	4-Good				4-Good	4-Good	4-Good	4-Good	4-Good				few	2+	4	3.5	4	4	4	0
2019-9-19	FALSE	FALSE	FALSE	230	8.25	FALSE	FALSE	7	good	TRUE	good	4-Good	none	FALSE	3-Okay	4-Good	4-Good	4-Good	3-Okay				5-Very good	4-Good	3-Okay	5-Very good	4-Good				none	1	4	4	3.5	4.5	3.5	0
2019-9-20	FALSE	FALSE	FALSE	50	8.25	FALSE	FALSE	9	good	TRUE	very good	4-Good	many	FALSE	2-Bad	4-Good	3-Okay	4-Good	3-Okay	2-Bad			3-Okay	4-Good	4-Good	4-Good	3-Okay	3-Okay			none	1	2.5	4	3.5	4	3	2.5
2019-9-21	FALSE	TRUE	FALSE			FALSE	FALSE			FALSE				FALSE																			0	0	0	0	0	0
2019-9-22	FALSE	TRUE	FALSE		4	FALSE	FALSE			FALSE				FALSE																			0	0	0	0	0	0
2019-9-23	FALSE	FALSE	FALSE	100	8.5	FALSE	FALSE	9.5	very good	TRUE	very good	4-Good	many	FALSE	3-Okay	5-Very good	3-Okay	5-Very good	3-Okay	4-Good			4-Good	5-Very good	5-Very good	5-Very good	4-Good	3-Okay			few	1	3.5	5	4	5	3.5	3.5
2019-9-24	FALSE	FALSE	FALSE	115	8	FALSE	FALSE	9	okay	TRUE	okay	3-Okay	few	FALSE	4-Good	4-Good	2-Bad	4-Good	2-Bad	4-Good			4-Good	5-Very good	4-Good	5-Very good	3-Okay	4-Good			none	1	4	4.5	3	4.5	2.5	4
2019-9-25	FALSE	FALSE	FALSE	100	8	FALSE	FALSE	9.5	good	TRUE	very good	4-Good	many	FALSE	5-Very good	5-Very good	5-Very good	5-Very good	4-Good	5-Very good			5-Very good	4-Good	4-Good	4-Good	5-Very good	3-Okay			none	1	5	4.5	4.5	4.5	4.5	4
2019-9-26	FALSE	FALSE	FALSE	115	8	FALSE	FALSE	9	very good	TRUE	very good	4-Good	few	FALSE	5-Very good	5-Very good	2-Bad	4-Good	2-Bad	3-Okay			4-Good	2-Bad	1-Very bad	1-Very bad	2-Bad	3-Okay			many	2+	4.5	3.5	1.5	2.5	2	3
2019-9-27	FALSE	FALSE	FALSE	30	8	FALSE	FALSE	8	bad	TRUE	okay	4-Good	few	FALSE	3-Okay	3-Okay	4-Good	2-Bad	2-Bad	2-Bad			4-Good	4-Good	2-Bad	3-Okay	2-Bad	3-Okay			many	2	3.5	3.5	3	2.5	2	2.5
2019-9-28	FALSE	TRUE	FALSE			FALSE	FALSE			FALSE				FALSE																			0	0	0	0	0	0
2019-9-29	FALSE	TRUE	FALSE		4	FALSE	FALSE			FALSE				FALSE																			0	0	0	0	0	0
2019-9-30	FALSE	FALSE	FALSE	115	8	FALSE	FALSE			FALSE				TRUE																			0	0	0	0	0	0
2019-10-1	FALSE	FALSE	FALSE	115	10	FALSE	FALSE			FALSE				TRUE																			0	0	0	0	0	0
2019-10-2	FALSE	FALSE	FALSE		8	FALSE	FALSE			FALSE				TRUE																			0	0	0	0	0	0
2019-10-3	FALSE	FALSE	FALSE		8	FALSE	FALSE			FALSE				TRUE																			0	0	0	0	0	0
2019-10-4	FALSE	FALSE	FALSE		8	FALSE	FALSE			FALSE				TRUE																			0	0	0	0	0	0
2019-10-5	FALSE	TRUE	FALSE		2	FALSE	FALSE			FALSE				TRUE																			0	0	0	0	0	0
2019-10-6	FALSE	TRUE	FALSE			FALSE	FALSE			FALSE				FALSE																			0	0	0	0	0	0
2019-10-7	FALSE	FALSE	FALSE	115	7	FALSE	FALSE	8	good	TRUE	okay	2-Bad	few	FALSE	4-Good	5-Very good	3-Okay	4-Good	4-Good	5-Very good			3-Okay	4-Good	4-Good	4-Good	2-Bad	3-Okay			none	2	3.5	4.5	3.5	4	3	4
2019-10-8	FALSE	FALSE	FALSE	60	9	FALSE	FALSE	8	good	TRUE	good	3-Okay	none	FALSE	4-Good	5-Very good	3-Okay	4-Good	5-Very good	5-Very good			3-Okay	4-Good	3-Okay	3-Okay	3-Okay	4-Good			none	1	3.5	4.5	3	3.5	4	4.5
2019-10-9	FALSE	FALSE	FALSE	200	8.5	FALSE	FALSE	8	very good	TRUE	good	4-Good	none	FALSE	5-Very good	5-Very good	4-Good	5-Very good	4-Good	5-Very good			3-Okay	4-Good	4-Good	4-Good	4-Good	3-Okay			few	2	4	4.5	4	4.5	4	4
2019-10-10	FALSE	FALSE	FALSE			FALSE	FALSE	8.5	very good	TRUE	good	4-Good	none	FALSE																		2	0	0	0	0	0	0
2019-10-11	FALSE	FALSE	FALSE			FALSE	FALSE			FALSE				FALSE																			0	0	0	0	0	0
2019-10-12	FALSE	TRUE	FALSE			FALSE	FALSE			FALSE				FALSE																			0	0	0	0	0	0
2019-10-13	FALSE	TRUE	FALSE			FALSE	FALSE			FALSE				FALSE																			0	0	0	0	0	0
2019-10-14	FALSE	FALSE	FALSE	90	8	FALSE	FALSE	8.5	very good	TRUE	very good	4-Good	few	FALSE	3-Okay	5-Very good	4-Good	5-Very good	3-Okay	5-Very good			2-Bad	5-Very good	4-Good	4-Good	4-Good	4-Good			none	2	2.5	5	4	4.5	3.5	4.5
2019-10-15	FALSE	FALSE	FALSE	180	8	FALSE	FALSE	8	very good	TRUE	very good	4-Good	none	FALSE	4-Good	4-Good	4-Good	4-Good	3-Okay	5-Very good											constant	2	2	2	2	2	1.5	2.5
2019-10-16	FALSE	FALSE	FALSE	130	8	FALSE	FALSE	8	good	TRUE	bad	3-Okay	constant	FALSE	4-Good	5-Very good	4-Good	4-Good	3-Okay	5-Very good											constant	2+	2	2.5	2	2	1.5	2.5
2019-10-17	FALSE	FALSE	FALSE	180	8	FALSE	FALSE	10	good	TRUE	very good	4-Good	none	FALSE	2-Bad	3-Okay	4-Good	5-Very good	3-Okay	2-Bad			3-Okay	3-Okay	4-Good	4-Good	2-Bad	2-Bad			many	2+	2.5	3	4	4.5	2.5	2
2019-10-18	FALSE	FALSE	FALSE	90	8	FALSE	FALSE	7.5	very good	FALSE	good	5-Very good	many	FALSE	3-Okay	4-Good	4-Good	5-Very good	2-Bad	4-Good			2-Bad	4-Good	4-Good	5-Very good	3-Okay	4-Good			few	2+	2.5	4	4	5	2.5	4
2019-10-19	FALSE	TRUE	FALSE			FALSE	FALSE			FALSE				FALSE																			0	0	0	0	0	0
2019-10-20	FALSE	TRUE	FALSE			FALSE	FALSE			FALSE				FALSE																			0	0	0	0	0	0
2019-10-21	FALSE	FALSE	FALSE	180	9	FALSE	FALSE	8.5	very good	TRUE	very good	4-Good	few	FALSE	4-Good	5-Very good	4-Good	4-Good	4-Good	3-Okay			3-Okay	4-Good	4-Good	4-Good	4-Good	3-Okay			few	2+	3.5	4.5	4	4	4	3
2019-10-22	FALSE	FALSE	FALSE	180	9.25	FALSE	FALSE	9.5	good	TRUE	very good	3-Okay	none	FALSE	4-Good	5-Very good	4-Good	5-Very good	4-Good	5-Very good			5-Very good	4-Good	4-Good	5-Very good	4-Good	3-Okay			few	2+	4.5	4.5	4	5	4	4
2019-10-23	FALSE	FALSE	FALSE	90	8.75	FALSE	FALSE	8	very good	TRUE	very good	4-Good	few	FALSE	5-Very good	5-Very good	4-Good	5-Very good	5-Very good	5-Very good			3-Okay	5-Very good	5-Very good	5-Very good	4-Good	4-Good			few	2+	4	5	4.5	5	4.5	4.5
2019-10-24	FALSE	FALSE	FALSE	180	8	FALSE	FALSE	8	okay	TRUE	very good	5-Very good	few	FALSE	3-Okay	5-Very good	5-Very good	5-Very good	4-Good	3-Okay			2-Bad	4-Good	3-Okay	4-Good	2-Bad	2-Bad			none	2+	2.5	4.5	4	4.5	3	2.5
2019-10-25	TRUE	FALSE	FALSE			FALSE	TRUE			FALSE				FALSE																			0	0	0	0	0	0
2019-10-26	TRUE	TRUE	FALSE			FALSE	FALSE			FALSE				FALSE																			0	0	0	0	0	0
2019-10-27	TRUE	TRUE	FALSE			FALSE	FALSE			FALSE				FALSE																			0	0	0	0	0	0
2019-10-28	FALSE	FALSE	FALSE	270	6.5	FALSE	FALSE	11	very good	TRUE	good	2-Bad	few	TRUE	3-Okay	3-Okay	4-Good	3-Okay	2-Bad	3-Okay			1-Very bad	1-Very bad	1-Very bad	1-Very bad	1-Very bad	1-Very bad			few	2+	2	2	2.5	2	1.5	2
2019-10-29	TRUE	FALSE	FALSE	90	8	FALSE	FALSE	10	very good	TRUE	okay	3-Okay	none	TRUE	5-Very good	5-Very good	4-Good	5-Very good	4-Good	5-Very good			4-Good	4-Good	4-Good	3-Okay	3-Okay	3-Okay			many	2+	4.5	4.5	4	4	3.5	4
2019-10-30	FALSE	FALSE	FALSE	90	11	FALSE	FALSE	8	good	TRUE	good	4-Good	none	TRUE	5-Very good	4-Good	4-Good	5-Very good	4-Good	4-Good			5-Very good	4-Good	3-Okay	1-Very bad	5-Very good	4-Good			constant	2+	5	4	3.5	3	4.5	4
2019-10-31	TRUE	FALSE	FALSE	90	9	FALSE	FALSE	7	good	TRUE	okay	4-Good	few	TRUE	5-Very good	4-Good	4-Good	4-Good	3-Okay	5-Very good			4-Good	4-Good	5-Very good	5-Very good	4-Good	3-Okay			few	2+	4.5	4	4.5	4.5	3.5	4
2019-11-1	FALSE	FALSE	FALSE	115	8	FALSE	FALSE	9	very good	TRUE	very good	4-Good	few	TRUE	4-Good	4-Good	5-Very good	5-Very good	4-Good	4-Good			3-Okay	4-Good	5-Very good	4-Good	3-Okay	2-Bad			constant	2+	3.5	4	5	4.5	3.5	3
2019-11-2	TRUE	TRUE	FALSE		2.5	FALSE	FALSE			FALSE				TRUE																			0	0	0	0	0	0
2019-11-3	TRUE	TRUE	FALSE			FALSE	FALSE			FALSE				FALSE																			0	0	0	0	0	0
2019-11-4	TRUE	FALSE	FALSE	205	12	FALSE	FALSE	8.5	very good	TRUE	very good	5-Very good	many	FALSE	3-Okay	3-Okay	4-Good	4-Good	4-Good	3-Okay			5-Very good	4-Good	4-Good	4-Good	5-Very good	4-Good			many	2+	4	3.5	4	4	4.5	3.5
2019-11-5	TRUE	FALSE	FALSE	180	9.5	FALSE	FALSE	8	good	TRUE	very good	5-Very good	few	FALSE	5-Very good	3-Okay	5-Very good	5-Very good	4-Good	4-Good			3-Okay	2-Bad	3-Okay	3-Okay	3-Okay	2-Bad			few	2+	4	2.5	4	4	3.5	3
2019-11-6	TRUE	FALSE	FALSE	130	10.5	FALSE	FALSE	7	very good	TRUE	good	3-Okay	few	FALSE	5-Very good	5-Very good	4-Good	5-Very good	5-Very good	4-Good			5-Very good	5-Very good	5-Very good	5-Very good	5-Very good	5-Very good			none	2	5	5	4.5	5	5	4.5
2019-11-7	TRUE	FALSE	FALSE			FALSE	TRUE			TRUE				FALSE																			0	0	0	0	0	0
2019-11-8	TRUE	FALSE	FALSE			FALSE	TRUE			TRUE				FALSE																			0	0	0	0	0	0
2019-11-9	TRUE	TRUE	FALSE			FALSE	TRUE			TRUE				FALSE																			0	0	0	0	0	0
2019-11-10	TRUE	TRUE	FALSE			FALSE	TRUE			TRUE				FALSE																			0	0	0	0	0	0
2019-11-11	FALSE	FALSE	FALSE	180	9	FALSE	FALSE	9	very good	TRUE	very good	4-Good	none	FALSE	5-Very good	5-Very good	5-Very good	5-Very good	5-Very good	5-Very good			4-Good	5-Very good	4-Good	4-Good	3-Okay	3-Okay			few	2	4.5	5	4.5	4.5	4	4
2019-11-12	FALSE	FALSE	FALSE	90	7	FALSE	FALSE	9	very good	TRUE	good	4-Good	none	FALSE	3-Okay	4-Good	3-Okay	5-Very good	4-Good	4-Good			3-Okay	4-Good	4-Good	4-Good	4-Good	3-Okay			many	2	3	4	3.5	4.5	4	3.5
2019-11-13	TRUE	FALSE	FALSE	115	8	FALSE	FALSE	8	bad	TRUE	okay	3-Okay	few	FALSE	5-Very good	4-Good	5-Very good	5-Very good	4-Good	4-Good			5-Very good	3-Okay	4-Good	3-Okay	4-Good	2-Bad			many	2	5	3.5	4.5	4	4	3
2019-11-14	TRUE	FALSE	FALSE	90	8	FALSE	FALSE	9.5	good	TRUE	good	4-Good	none	FALSE	4-Good	5-Very good	4-Good	4-Good	3-Okay	4-Good			5-Very good	4-Good	4-Good	4-Good	3-Okay	4-Good			few	2	4.5	4.5	4	4	3	4
2019-11-15	TRUE	FALSE	FALSE	90	9.5	FALSE	FALSE	8	very good	TRUE	very good	4-Good	few	FALSE	4-Good	3-Okay	5-Very good	4-Good	3-Okay	5-Very good			4-Good	4-Good	5-Very good	4-Good	4-Good	5-Very good			few	2	4	3.5	5	4	3.5	5
2019-11-16	TRUE	TRUE	FALSE			FALSE	FALSE			TRUE				FALSE																			0	0	0	0	0	0
2019-11-17	TRUE	TRUE	FALSE			FALSE	FALSE			TRUE				FALSE																			0	0	0	0	0	0
2019-11-18	FALSE	FALSE	FALSE	180	9.5	FALSE	FALSE	7	good	TRUE	good	4-Good	few	FALSE	4-Good	4-Good	3-Okay	4-Good	4-Good	4-Good			5-Very good	4-Good	3-Okay	4-Good	4-Good	5-Very good			few	2	4.5	4	3	4	4	4.5
2019-11-19	TRUE	FALSE	FALSE	90	10.5	FALSE	FALSE	8.5	very good	TRUE	good	4-Good	few	FALSE	5-Very good	5-Very good	4-Good	4-Good	4-Good	5-Very good			5-Very good	4-Good	4-Good	4-Good	5-Very good	5-Very good			none	2	5	4.5	4	4	4.5	5
2019-11-20	FALSE	FALSE	FALSE	180	8.25	FALSE	FALSE	8.25	okay	TRUE	good	4-Good	few	FALSE	5-Very good	5-Very good	5-Very good	4-Good	5-Very good	5-Very good			2-Bad	3-Okay	3-Okay	4-Good	2-Bad	2-Bad			few	2	3.5	4	4	4	3.5	3.5
2019-11-21	TRUE	FALSE	FALSE	90	8	FALSE	FALSE	9.5	very good	TRUE	good	4-Good	few	FALSE	4-Good	3-Okay	5-Very good	5-Very good	4-Good	4-Good			5-Very good	5-Very good	5-Very good	5-Very good	5-Very good	4-Good			none	2+	4.5	4	5	5	4.5	4
2019-11-22	TRUE	FALSE	FALSE	115	8	FALSE	FALSE	9.5	bad	TRUE	good	4-Good	many	FALSE	5-Very good	5-Very good	4-Good	3-Okay	4-Good	4-Good			3-Okay	3-Okay	4-Good	4-Good	2-Bad	2-Bad			none	2+	4	4	4	3.5	3	3
2019-11-23	TRUE	TRUE	FALSE			FALSE	FALSE			TRUE				FALSE																			0	0	0	0	0	0
2019-11-24	FALSE	TRUE	FALSE		1	FALSE	FALSE			TRUE				FALSE																			0	0	0	0	0	0
2019-11-25	TRUE	FALSE	FALSE	90	8	FALSE	FALSE	9	okay	TRUE	good	4-Good	few	FALSE	4-Good	4-Good	4-Good	5-Very good	3-Okay	3-Okay			5-Very good	3-Okay	4-Good	5-Very good	4-Good	4-Good			none	2+	4.5	3.5	4	5	3.5	3.5
2019-11-26	TRUE	FALSE	FALSE	180	7.5	FALSE	FALSE	6	good	TRUE	very good	4-Good	many	FALSE	5-Very good	5-Very good	4-Good	4-Good	5-Very good	5-Very good			5-Very good	5-Very good	5-Very good	5-Very good	5-Very good	5-Very good			none	2	5	5	4.5	4.5	5	5
2019-11-27	FALSE	FALSE	FALSE			FALSE	TRUE			TRUE				FALSE																			0	0	0	0	0	0
2019-11-28	TRUE	FALSE	FALSE			FALSE	TRUE			TRUE				FALSE																			0	0	0	0	0	0
2019-11-29	TRUE	FALSE	FALSE			FALSE	TRUE			TRUE				FALSE																			0	0	0	0	0	0
2019-11-30	TRUE	TRUE	FALSE			FALSE	FALSE			TRUE				FALSE																			0	0	0	0	0	0
2019-12-1	FALSE	TRUE	FALSE			FALSE	FALSE			TRUE				FALSE																			0	0	0	0	0	0
2019-12-2	TRUE	FALSE	FALSE	115	8	FALSE	FALSE	9.5	very good	TRUE	good	4-Good	many	FALSE	4-Good	5-Very good	4-Good	4-Good	3-Okay	2-Bad			4-Good	4-Good	4-Good	4-Good	4-Good	5-Very good			few	2	4	4.5	4	4	3.5	3.5
2019-12-3	TRUE	FALSE	FALSE	115	8	FALSE	FALSE	10	very good	TRUE	very good	5-Very good	few	FALSE	4-Good	4-Good	5-Very good	5-Very good	4-Good	5-Very good			5-Very good	5-Very good	4-Good	4-Good	4-Good	3-Okay			none	2+	4.5	4.5	4.5	4.5	4	4
2019-12-4	TRUE	FALSE	TRUE	115	8	FALSE	FALSE	8.25	good	TRUE	very good	4-Good	few	FALSE	5-Very good	4-Good	5-Very good	5-Very good	4-Good	5-Very good			5-Very good	5-Very good	4-Good	4-Good	4-Good	5-Very good			few	2	5	4.5	4.5	4.5	4	5
2019-12-5	TRUE	FALSE	TRUE	150	8	FALSE	FALSE	7	bad	TRUE	good	2-Bad	none	FALSE	4-Good	3-Okay	3-Okay	4-Good	5-Very good	3-Okay			3-Okay	3-Okay	3-Okay	2-Bad	4-Good	4-Good			constant	2	3.5	3	3	3	4.5	3.5
2019-12-6	TRUE	FALSE	TRUE	115	8	FALSE	FALSE	7.5	good	TRUE	good	3-Okay	few	FALSE	4-Good	4-Good	4-Good	4-Good	4-Good	3-Okay			2-Bad	3-Okay	5-Very good	3-Okay	2-Bad	2-Bad			many	1	3	3.5	4.5	3.5	3	2.5
2019-12-7	FALSE	TRUE	TRUE	90	7	FALSE	FALSE	9	okay	TRUE	bad	2-Bad	none	FALSE																	none	2	0	0	0	0	0	0
2019-12-8	TRUE	TRUE	FALSE		 	FALSE	FALSE			TRUE				FALSE																			0	0	0	0	0	0
2019-12-9	TRUE	FALSE	FALSE	115	8	FALSE	FALSE	8	good	TRUE	good	4-Good	none	TRUE	4-Good	4-Good	4-Good	5-Very good	4-Good	3-Okay			5-Very good	5-Very good	4-Good	5-Very good	4-Good	4-Good			few	1	4.5	4.5	4	5	4	3.5
2019-12-10	TRUE	FALSE	TRUE	155	8.5	FALSE	FALSE	7.5	okay	TRUE	good	4-Good	none	TRUE	5-Very good	5-Very good	4-Good	5-Very good	4-Good	4-Good			3-Okay	4-Good	5-Very good	5-Very good	2-Bad	4-Good			many	1	4	4.5	4.5	5	3	4
2019-12-11	FALSE	FALSE	TRUE	90	10.5	FALSE	FALSE	9	okay	TRUE	very good	4-Good	none	TRUE	3-Okay	4-Good	4-Good	4-Good	2-Bad	3-Okay			3-Okay	4-Good	1-Very bad	2-Bad	4-Good	4-Good			many	1	3	4	2.5	3	3	3.5
2019-12-12	FALSE	FALSE	TRUE	90	8.5	FALSE	FALSE	8.5	bad	TRUE	okay	3-Okay	none	TRUE	4-Good	4-Good	3-Okay	4-Good	3-Okay	4-Good			4-Good	4-Good	4-Good	4-Good	4-Good	2-Bad			many	1	4	4	3.5	4	3.5	3
2019-12-13	FALSE	FALSE	TRUE	215	8.5	FALSE	FALSE	9	very good	TRUE	good	4-Good	few	TRUE	3-Okay	4-Good	2-Bad	2-Bad	1-Very bad	2-Bad			4-Good	4-Good	4-Good	4-Good	4-Good	4-Good			many	1	3.5	4	3	3	2.5	3
2019-12-14	TRUE	TRUE	TRUE		4	FALSE	FALSE			TRUE				TRUE																	none		0	0	0	0	0	0
2019-12-15	TRUE	TRUE	TRUE			FALSE	FALSE			TRUE				TRUE																			0	0	0	0	0	0
2019-12-16	TRUE	FALSE	TRUE	180	8	FALSE	FALSE	9.5	very good	TRUE	very good	4-Good	many	FALSE	2-Bad	4-Good	3-Okay	3-Okay	4-Good	2-Bad			4-Good	4-Good	4-Good	4-Good	4-Good	3-Okay			many	1	3	4	3.5	3.5	4	2.5
2019-12-17	TRUE	FALSE	TRUE	230	8	FALSE	FALSE	9	bad	TRUE	good	4-Good	none	FALSE	4-Good	5-Very good	4-Good	5-Very good	5-Very good	4-Good			3-Okay	4-Good	3-Okay	5-Very good	4-Good	3-Okay			few	1	3.5	4.5	3.5	5	4.5	3.5
2019-12-18	TRUE	FALSE	TRUE	230	8	FALSE	FALSE	8	bad	TRUE	okay	5-Very good	none	FALSE	5-Very good	4-Good	4-Good	4-Good	4-Good	4-Good											many	2	2.5	2	2	2	2	2
2019-12-19	TRUE	FALSE	TRUE	90	8	FALSE	FALSE	7	good	TRUE	okay	3-Okay	none	FALSE	4-Good	4-Good	4-Good	3-Okay	4-Good	3-Okay											none	2+	2	2	2	1.5	2	1.5
2019-12-20	TRUE	FALSE	TRUE	90	8	FALSE	FALSE	10	very good	TRUE	very good	2-Bad	few	FALSE	4-Good	5-Very good	4-Good	5-Very good	4-Good	4-Good											none	1	2	2.5	2	2.5	2	2
2019-12-21	TRUE	TRUE	TRUE			FALSE	TRUE			TRUE				FALSE																			0	0	0	0	0	0
2019-12-22	FALSE	TRUE	TRUE			FALSE	TRUE			TRUE				FALSE																			0	0	0	0	0	0
2019-12-23	TRUE	FALSE	FALSE			FALSE	TRUE			TRUE				FALSE																			0	0	0	0	0	0
2019-12-24	TRUE	FALSE	FALSE			FALSE	TRUE			TRUE				FALSE																			0	0	0	0	0	0
2019-12-25	TRUE	FALSE	FALSE			FALSE	TRUE			TRUE				FALSE																			0	0	0	0	0	0
2019-12-26	FALSE	FALSE	FALSE	270	4	FALSE	FALSE	4	good	TRUE	okay	1-Very bad	none	FALSE	1-Very bad	1-Very bad	1-Very bad	3-Okay	1-Very bad	1-Very bad											none	2+	0.5	0.5	0.5	1.5	0.5	0.5
2019-12-27	FALSE	FALSE	TRUE	0	6.5	FALSE	FALSE			TRUE				FALSE	3-Okay	4-Good	4-Good	5-Very good	2-Bad	2-Bad			2-Bad	4-Good	4-Good	5-Very good	3-Okay	3-Okay			few		2.5	4	4	5	2.5	2.5
2019-12-28	TRUE	TRUE	TRUE	0	2.5	FALSE	FALSE			TRUE				FALSE																	none		0	0	0	0	0	0
2019-12-29	TRUE	TRUE	TRUE			FALSE	FALSE			TRUE				FALSE																			0	0	0	0	0	0
2019-12-30	TRUE	FALSE	TRUE	25	7	FALSE	FALSE	10.5	very good	TRUE	good	2-Bad	none	FALSE	2-Bad	2-Bad	2-Bad	4-Good	4-Good	2-Bad			3-Okay	3-Okay	3-Okay	4-Good	4-Good	4-Good			none	2	2.5	2.5	2.5	4	4	3
2019-12-31	TRUE	FALSE	FALSE	25	5	FALSE	FALSE	8	very good	TRUE	very good	4-Good	none	FALSE	5-Very good	4-Good	5-Very good	5-Very good	5-Very good	5-Very good											none	2	2.5	2	2.5	2.5	2.5	2.5
2020-1-1	TRUE	FALSE	TRUE	0	1	FALSE	TRUE			TRUE				FALSE																			0	0	0	0	0	0
2020-1-2	TRUE	FALSE	TRUE	25	8	FALSE	FALSE	13	good	TRUE	very good	2-Bad	none	FALSE	5-Very good	5-Very good	4-Good	5-Very good	4-Good	4-Good			5-Very good	5-Very good	4-Good	4-Good	4-Good	4-Good			none	1	5	5	4	4.5	4	4
2020-1-3	TRUE	FALSE	TRUE	25		FALSE	FALSE	7	bad	TRUE	very good	4-Good	few	FALSE																		1	0	0	0	0	0	0
2020-1-4	TRUE	TRUE	TRUE	0		FALSE	FALSE	11		TRUE				FALSE																			0	0	0	0	0	0
2020-1-5	TRUE	TRUE	FALSE	50		FALSE	FALSE	10		TRUE				FALSE																			0	0	0	0	0	0
2020-1-6	TRUE	FALSE	TRUE	25	8	FALSE	FALSE	8	good	TRUE	good	4-Good	few	TRUE																			0	0	0	0	0	0
2020-1-7	TRUE	FALSE	TRUE	0	7	FALSE	FALSE			TRUE				TRUE																			0	0	0	0	0	0
2020-1-8	TRUE	FALSE	TRUE	0	7.5	FALSE	FALSE			TRUE				TRUE																			0	0	0	0	0	0
2020-1-9	TRUE	FALSE	TRUE	0	7	FALSE	FALSE			TRUE				TRUE																			0	0	0	0	0	0
2020-1-10	TRUE	FALSE	FALSE	0	10	FALSE	FALSE			TRUE				TRUE																			0	0	0	0	0	0
2020-1-11	TRUE	TRUE	FALSE	0	1	FALSE	FALSE			TRUE				TRUE																			0	0	0	0	0	0
2020-1-12	TRUE	TRUE	TRUE	0		FALSE	FALSE			TRUE				FALSE																			0	0	0	0	0	0
2020-1-13	FALSE	FALSE	TRUE	50	7	FALSE	FALSE	10	very good	TRUE	very good	2-Bad	many	FALSE	1-Very bad	3-Okay	4-Good	5-Very good	1-Very bad	2-Bad			2-Bad	3-Okay	3-Okay	5-Very good	2-Bad	2-Bad			few		1.5	3	3.5	5	1.5	2
2020-1-14	FALSE	FALSE	TRUE	0	8	FALSE	FALSE	7	bad	TRUE	very good	3-Okay	none	FALSE	3-Okay	4-Good	3-Okay	5-Very good	4-Good	2-Bad			4-Good	4-Good	4-Good	5-Very good	4-Good	4-Good			few	1	3.5	4	3.5	5	4	3
2020-1-15	TRUE	FALSE	TRUE	0	8	FALSE	FALSE	9.5	good	TRUE	very good	3-Okay	few	FALSE	1-Very bad	3-Okay	2-Bad	5-Very good	2-Bad	2-Bad			3-Okay	4-Good	4-Good	5-Very good	2-Bad	3-Okay			few	2	2	3.5	3	5	2	2.5
2020-1-16	TRUE	FALSE	TRUE	0	7.5	FALSE	FALSE	9	very good	TRUE	very good	3-Okay	many	FALSE	4-Good	4-Good	3-Okay	5-Very good	4-Good	3-Okay			4-Good	4-Good	4-Good	5-Very good	3-Okay	3-Okay			few	2	4	4	3.5	5	3.5	3
2020-1-17	TRUE	FALSE	TRUE	0	7.5	FALSE	FALSE	9	very good	TRUE	very good	3-Okay	many	FALSE	1-Very bad	4-Good	2-Bad	5-Very good	2-Bad	2-Bad			3-Okay	5-Very good	4-Good	5-Very good	2-Bad	4-Good			few	0	2	4.5	3	5	2	3
2020-1-18	TRUE	TRUE	TRUE	90		FALSE	FALSE			TRUE				FALSE																			0	0	0	0	0	0
2020-1-19	TRUE	TRUE	TRUE	0		FALSE	FALSE			TRUE				FALSE																			0	0	0	0	0	0
2020-1-20	TRUE	FALSE	TRUE	125	8	FALSE	FALSE	9	okay	TRUE	very good	4-Good	few	FALSE	4-Good	4-Good	5-Very good	5-Very good	5-Very good	4-Good			4-Good	4-Good	4-Good	5-Very good	4-Good	3-Okay			few	1	4	4	4.5	5	4.5	3.5
2020-1-21	TRUE	FALSE	TRUE	50	8	FALSE	FALSE	7	okay	TRUE	very good	2-Bad	few	FALSE	5-Very good	5-Very good	4-Good	5-Very good	5-Very good	4-Good			4-Good	4-Good	5-Very good	5-Very good	5-Very good	4-Good			few	2	4.5	4.5	4.5	5	5	4
2020-1-22	FALSE	FALSE	TRUE	50	5.5	FALSE	FALSE	8.5	good	TRUE	very good	2-Bad	few	FALSE	2-Bad	4-Good	1-Very bad	5-Very good	3-Okay	3-Okay			1-Very bad	2-Bad	1-Very bad	3-Okay	1-Very bad	2-Bad			none	2	1.5	3	1	4	2	2.5
2020-1-23	TRUE	FALSE	TRUE	50	8	FALSE	FALSE	6	good	TRUE	very good	4-Good	none	FALSE	4-Good	4-Good	4-Good	4-Good	5-Very good	5-Very good			5-Very good	5-Very good	4-Good	5-Very good	5-Very good	5-Very good			none	1	4.5	4.5	4	4.5	5	5
2020-1-24	TRUE	FALSE	FALSE	50	7.5	FALSE	FALSE	9	very good	TRUE	very good	4-Good	few	FALSE	5-Very good	5-Very good	4-Good	5-Very good	5-Very good	5-Very good			3-Okay	4-Good	4-Good	5-Very good	4-Good	2-Bad			none	1	4	4.5	4	5	4.5	3.5
2020-1-25	TRUE	TRUE	TRUE		2	FALSE	FALSE			TRUE				FALSE																	none		0	0	0	0	0	0
2020-1-26	TRUE	TRUE	TRUE			FALSE	FALSE			TRUE				FALSE																			0	0	0	0	0	0
2020-1-27	TRUE	FALSE	TRUE	50	8	FALSE	FALSE	9	very good	TRUE	very good	4-Good	many	FALSE	3-Okay	4-Good	4-Good	5-Very good	4-Good	4-Good			4-Good	4-Good	5-Very good	5-Very good	4-Good	4-Good			few	1	3.5	4	4.5	5	4	4
2020-1-28	TRUE	FALSE	TRUE	50	8	FALSE	FALSE	10	very good	TRUE	good	4-Good	few	FALSE	5-Very good	4-Good	4-Good	5-Very good	5-Very good	5-Very good			5-Very good	4-Good	5-Very good	5-Very good	5-Very good	5-Very good			none	1	5	4	4.5	5	5	5
2020-1-29	TRUE	FALSE	TRUE	100	8	FALSE	FALSE	7	bad	TRUE	good	2-Bad	few	FALSE	4-Good	4-Good	2-Bad	3-Okay	3-Okay	3-Okay			4-Good	4-Good	3-Okay	3-Okay	3-Okay	4-Good			few	1	4	4	2.5	3	3	3.5
2020-1-30	TRUE	FALSE	TRUE	75	8.5	FALSE	FALSE	8	very good	TRUE	very good	4-Good	none	FALSE	3-Okay	5-Very good	5-Very good	5-Very good	4-Good	4-Good			2-Bad	4-Good	5-Very good	5-Very good	4-Good	4-Good			few	1	2.5	4.5	5	5	4	4
2020-1-31	FALSE	FALSE	FALSE	125	8	FALSE	FALSE	9	good	TRUE	very good	4-Good	few	FALSE	3-Okay	2-Bad	3-Okay	5-Very good	4-Good	4-Good			3-Okay	4-Good	5-Very good	5-Very good	4-Good	4-Good			none	1	3	3	4	5	4	4
2020-2-1	TRUE	TRUE	TRUE		3	FALSE	FALSE			TRUE				FALSE																			0	0	0	0	0	0
2020-2-2	TRUE	TRUE	TRUE			FALSE	FALSE			TRUE				FALSE																			0	0	0	0	0	0
2020-2-3	TRUE	FALSE	TRUE	150	7	FALSE	FALSE	8	very good	TRUE	okay	4-Good	none	FALSE	5-Very good	3-Okay	3-Okay	2-Bad	5-Very good	4-Good			4-Good	4-Good	4-Good	4-Good	5-Very good	4-Good			few	1	4.5	3.5	3.5	3	5	4
2020-2-4	FALSE	FALSE	TRUE	150	8	FALSE	FALSE	6	bad	TRUE	good	4-Good	none	FALSE	5-Very good	4-Good	4-Good	5-Very good	4-Good	4-Good			3-Okay	4-Good	2-Bad	4-Good	3-Okay	5-Very good			few	1	4	4	3	4.5	3.5	4.5
2020-2-5	TRUE	FALSE	TRUE	150	8	FALSE	FALSE	9	okay	TRUE	very good	4-Good	none	FALSE	4-Good	5-Very good	4-Good	5-Very good	5-Very good	5-Very good			5-Very good	5-Very good	4-Good	3-Okay	4-Good	4-Good			none	1	4.5	5	4	4	4.5	4.5
2020-2-6	TRUE	FALSE	TRUE	100	8.5	FALSE	FALSE	9	good	TRUE	good	2-Bad	few	FALSE	4-Good	4-Good	2-Bad	4-Good	4-Good	4-Good			5-Very good	5-Very good	4-Good	4-Good	4-Good	4-Good			few	1	4.5	4.5	3	4	4	4
2020-2-7	TRUE	FALSE	FALSE	175	9	FALSE	FALSE	5	bad	TRUE	good	3-Okay	few	FALSE	4-Good	4-Good	5-Very good	5-Very good	4-Good	4-Good			5-Very good	5-Very good	5-Very good	5-Very good	5-Very good	4-Good			none		4.5	4.5	5	5	4.5	4
2020-2-8	TRUE	TRUE	TRUE	125		FALSE	FALSE	5.5	good	TRUE				FALSE																			0	0	0	0	0	0
2020-2-9	TRUE	TRUE	TRUE	100	3	FALSE	FALSE	11	very good	TRUE				FALSE																			0	0	0	0	0	0
2020-2-10	FALSE	FALSE	TRUE	150	9.5	FALSE	FALSE	9.5	good	TRUE	good	4-Good	few	TRUE	5-Very good	5-Very good	4-Good	5-Very good	4-Good	5-Very good			5-Very good	5-Very good	4-Good	4-Good	4-Good	4-Good			few	2	5	5	4	4.5	4	4.5
2020-2-11	TRUE	FALSE	TRUE	200	9.5	FALSE	FALSE	9	bad	TRUE	okay	4-Good	none	TRUE	4-Good	4-Good	3-Okay	4-Good	2-Bad	3-Okay			5-Very good	4-Good	4-Good	1-Very bad	5-Very good	4-Good			few	1	4.5	4	3.5	2.5	3.5	3.5
2020-2-12	TRUE	FALSE	TRUE	125	8	FALSE	FALSE	9	good	TRUE	good	3-Okay	few	TRUE	4-Good	4-Good	3-Okay	2-Bad	2-Bad	4-Good			4-Good	4-Good	5-Very good	4-Good	3-Okay	4-Good			none	2	4	4	4	3	2.5	4
2020-2-13	TRUE	FALSE	TRUE	150	7.5	FALSE	FALSE	8.5	very good	TRUE	good	4-Good	none	TRUE	4-Good	2-Bad	4-Good	5-Very good	4-Good	2-Bad											none	2	2	1	2	2.5	2	1
2020-2-14	TRUE	FALSE	TRUE	175	8	FALSE	FALSE	8	very good	TRUE	good	4-Good	few	TRUE	3-Okay	5-Very good	5-Very good	4-Good	4-Good	3-Okay			1-Very bad	2-Bad	2-Bad	2-Bad	2-Bad	2-Bad			few	1	2	3.5	3.5	3	3	2.5
2020-2-15	TRUE	TRUE	FALSE	150	4.5	FALSE	FALSE	8	very good	TRUE	good	5-Very good		TRUE	5-Very good	5-Very good	5-Very good	5-Very good	5-Very good	4-Good													2.5	2.5	2.5	2.5	2.5	2
2020-2-16	TRUE	TRUE	TRUE			FALSE	FALSE	5	bad	TRUE				FALSE																			0	0	0	0	0	0
2020-2-17	FALSE	FALSE	TRUE	220	9.25	FALSE	FALSE	12	good	TRUE	good	2-Bad	few	FALSE	3-Okay	3-Okay	2-Bad	4-Good	2-Bad	3-Okay			2-Bad	3-Okay	2-Bad	4-Good	2-Bad	2-Bad			few	1	2.5	3	2	4	2	2.5
2020-2-18	TRUE	FALSE	TRUE	225	10.25	FALSE	FALSE	7	good	TRUE	good	3-Okay	few	FALSE	5-Very good	4-Good	4-Good	2-Bad	3-Okay	5-Very good			5-Very good	4-Good	4-Good	2-Bad	4-Good	4-Good			none	1	5	4	4	2	3.5	4.5
2020-2-19	TRUE	FALSE	TRUE	100	8	FALSE	FALSE	8	okay	TRUE	bad	4-Good	few	FALSE	5-Very good	5-Very good	4-Good	3-Okay	5-Very good	5-Very good			4-Good	5-Very good	4-Good	4-Good	4-Good	4-Good			few	1	4.5	5	4	3.5	4.5	4.5
2020-2-20	TRUE	FALSE	TRUE	150	8	FALSE	FALSE	9	good	TRUE	good	3-Okay	many	FALSE	3-Okay	4-Good	4-Good	4-Good	4-Good	3-Okay			1-Very bad	3-Okay	4-Good	4-Good	1-Very bad	1-Very bad			none	2	2	3.5	4	4	2.5	2
2020-2-21	TRUE	FALSE	TRUE			FALSE	TRUE	10		TRUE				FALSE																			0	0	0	0	0	0
2020-2-22	TRUE	TRUE	TRUE			FALSE	TRUE	5		TRUE				FALSE																			0	0	0	0	0	0
2020-2-23	TRUE	TRUE	TRUE			FALSE	TRUE	6		TRUE				FALSE																			0	0	0	0	0	0
2020-2-24	TRUE	FALSE	TRUE	200	8	FALSE	FALSE	10	very good	TRUE	good	4-Good	few	FALSE	3-Okay	4-Good	5-Very good	5-Very good	4-Good	2-Bad			4-Good	3-Okay	4-Good	5-Very good	4-Good	3-Okay			none	1	3.5	3.5	4.5	5	4	2.5
2020-2-25	TRUE	FALSE	TRUE	225	8	FALSE	FALSE	8	good	TRUE	very good	5-Very good	none	FALSE	4-Good	4-Good	5-Very good	5-Very good	4-Good	5-Very good			4-Good	5-Very good	5-Very good	5-Very good	4-Good	4-Good			none	2	4	4.5	5	5	4	4.5
2020-2-26	TRUE	FALSE	TRUE	225	8	FALSE	FALSE	9.5	good	TRUE	very good	4-Good	few	FALSE	4-Good	4-Good	4-Good	4-Good	4-Good	5-Very good			5-Very good	4-Good	4-Good	4-Good	3-Okay	4-Good			none	2	4.5	4	4	4	3.5	4.5
2020-2-27	TRUE	FALSE	TRUE	175	8	FALSE	FALSE	10	very good	TRUE	good	5-Very good	few	FALSE	5-Very good	4-Good	4-Good	5-Very good	5-Very good	5-Very good			5-Very good	5-Very good	4-Good	5-Very good	5-Very good	4-Good			none	2	5	4.5	4	5	5	4.5
2020-2-28	TRUE	FALSE	TRUE	225	8	FALSE	FALSE	6	bad	TRUE	good	4-Good	few	FALSE	5-Very good	4-Good	4-Good	4-Good	4-Good	4-Good			4-Good	5-Very good	4-Good	4-Good	4-Good	4-Good			none	2	4.5	4.5	4	4	4	4
2020-2-29	TRUE	TRUE	TRUE	200	5	FALSE	FALSE			TRUE				FALSE																			0	0	0	0	0	0
2020-3-1	TRUE	TRUE	TRUE	200	2	FALSE	FALSE			TRUE				FALSE																			0	0	0	0	0	0
2020-3-2	TRUE	FALSE	TRUE	225	9	FALSE	FALSE	9.5	okay	TRUE	good	4-Good	few	FALSE	4-Good	4-Good	4-Good	5-Very good	3-Okay	4-Good			4-Good	4-Good	4-Good	4-Good	4-Good	4-Good			none	1	4	4	4	4.5	3.5	4
2020-3-3	TRUE	FALSE	TRUE	200	9	FALSE	FALSE	10	bad	TRUE	very good	4-Good	none	FALSE	3-Okay	4-Good	4-Good	4-Good	2-Bad	3-Okay			2-Bad	3-Okay	2-Bad	2-Bad	2-Bad	2-Bad			many	2+	2.5	3.5	3	3	2	2.5
2020-3-4	TRUE	FALSE	TRUE	200	8.5	FALSE	FALSE	9.5	very good	TRUE	good	4-Good	few	FALSE	4-Good	5-Very good	4-Good	2-Bad	4-Good	4-Good			5-Very good	4-Good	4-Good	4-Good	5-Very good	4-Good			few	2+	4.5	4.5	4	3	4.5	4
2020-3-5	TRUE	FALSE	TRUE	200	7	FALSE	FALSE	8	very good	TRUE	okay	4-Good	none	FALSE	4-Good	4-Good	5-Very good	4-Good	3-Okay	2-Bad			4-Good	4-Good	4-Good	4-Good	4-Good	2-Bad			none		4	4	4.5	4	3.5	2
2020-3-6	TRUE	FALSE	TRUE		3	FALSE	TRUE			TRUE				FALSE																			0	0	0	0	0	0
2020-3-7	TRUE	TRUE	FALSE		2	FALSE	FALSE			TRUE				FALSE																			0	0	0	0	0	0
2020-3-8	TRUE	TRUE	TRUE	350	2	FALSE	FALSE			TRUE				FALSE																			0	0	0	0	0	0
2020-3-9	TRUE	FALSE	TRUE	185	8	FALSE	FALSE	7	very good	TRUE	good	4-Good	few	TRUE	4-Good	3-Okay	4-Good	4-Good	4-Good	4-Good	2-Bad		3-Okay	3-Okay	3-Okay	4-Good	2-Bad	3-Okay	2-Bad		none	1	3.5	3	3.5	4	3	3.5
2020-3-10	TRUE	FALSE	TRUE	230	8	FALSE	FALSE	8	okay	TRUE	good	4-Good	few	TRUE	3-Okay	2-Bad	3-Okay	3-Okay	3-Okay	2-Bad	4-Good		4-Good	4-Good	5-Very good	4-Good	4-Good	3-Okay	4-Good		many	1	3.5	3	4	3.5	3.5	2.5
2020-3-11	FALSE	FALSE	TRUE	180	9	FALSE	FALSE	8	very good	TRUE	good	3-Okay	few	TRUE	4-Good	4-Good	4-Good	3-Okay	4-Good	4-Good	3-Okay	1-Very bad	2-Bad	3-Okay	2-Bad	2-Bad	1-Very bad	1-Very bad	3-Okay	1-Very bad	constant	1	3	3.5	3	2.5	2.5	2.5
2020-3-12	TRUE	FALSE	TRUE	160	9	FALSE	FALSE	10	good	TRUE	good	4-Good	many	TRUE	4-Good	4-Good	4-Good	1-Very bad	5-Very good	4-Good	3-Okay	2-Bad	5-Very good	5-Very good	4-Good	3-Okay	5-Very good	4-Good	5-Very good	4-Good	few	2+	4.5	4.5	4	2	5	4
2020-3-13	FALSE	FALSE	TRUE	125	7	FALSE	FALSE	9	bad	TRUE	good	2-Bad	few	TRUE	3-Okay	4-Good	4-Good	5-Very good	3-Okay	4-Good	2-Bad	5-Very good	2-Bad	4-Good	3-Okay	4-Good	2-Bad	3-Okay	1-Very bad	3-Okay	few	2	2.5	4	3.5	4.5	2.5	3.5
2020-3-14	FALSE	TRUE	TRUE	300		FALSE	FALSE			TRUE				TRUE																			0	0	0	0	0	0
2020-3-15	TRUE	TRUE	TRUE	200		FALSE	FALSE			TRUE				FALSE																			0	0	0	0	0	0
2020-3-16	FALSE	FALSE	TRUE	150	8	FALSE	FALSE	9	bad	TRUE	bad	4-Good	none	FALSE	4-Good	4-Good	4-Good	3-Okay	4-Good	4-Good	2-Bad	3-Okay	4-Good	4-Good	3-Okay	5-Very good	2-Bad	2-Bad	2-Bad	2-Bad	few		4	4	3.5	4	3	3
2020-3-17	FALSE	FALSE	TRUE	50	8	FALSE	FALSE	8.5	good	TRUE	okay	2-Bad	none	FALSE	4-Good	4-Good	4-Good	5-Very good	4-Good	4-Good	4-Good	3-Okay	4-Good	4-Good	4-Good	5-Very good	2-Bad	2-Bad	2-Bad	3-Okay	few		4	4	4	5	3	3
2020-3-18	TRUE	FALSE	TRUE	50	8	FALSE	FALSE	7.5	good	TRUE	okay	1-Very bad	none	FALSE	3-Okay	4-Good	3-Okay	4-Good	2-Bad	3-Okay	4-Good	4-Good	4-Good	4-Good	3-Okay	5-Very good	3-Okay	3-Okay	4-Good	3-Okay	few		3.5	4	3	4.5	2.5	3
2020-3-19	FALSE	FALSE	TRUE	50	8	FALSE	FALSE	9.5	bad	TRUE	good	3-Okay	few	FALSE	4-Good	4-Good	4-Good	4-Good	4-Good	4-Good	4-Good	4-Good	4-Good	4-Good	4-Good	4-Good	4-Good	4-Good	4-Good	4-Good	none		4	4	4	4	4	4
2020-3-20	TRUE	FALSE	TRUE	50	8	FALSE	FALSE	10	bad	TRUE	okay	4-Good	none	FALSE	4-Good	4-Good	4-Good	4-Good	4-Good	4-Good	4-Good	4-Good	4-Good	4-Good	4-Good	4-Good	3-Okay	4-Good	3-Okay	4-Good	none		4	4	4	4	3.5	4
2020-3-21	FALSE	TRUE	TRUE			FALSE	FALSE			TRUE				FALSE																			0	0	0	0	0	0
2020-3-22	TRUE	TRUE	TRUE			FALSE	FALSE			TRUE				FALSE																			0	0	0	0	0	0
2020-3-23	FALSE	FALSE	TRUE	50	8	FALSE	FALSE	7.5	very good	TRUE	good	4-Good	many	FALSE	3-Okay	4-Good	4-Good	2-Bad	4-Good	4-Good	3-Okay	2-Bad	4-Good	3-Okay	2-Bad	2-Bad	3-Okay	4-Good	2-Bad	4-Good	few		3.5	3.5	3	2	3.5	4
2020-3-24	TRUE	FALSE	TRUE	50	10	FALSE	FALSE	9.5	bad	TRUE	good	3-Okay	none	FALSE	4-Good	4-Good	4-Good	4-Good	4-Good	3-Okay	4-Good	5-Very good	5-Very good	4-Good	3-Okay	5-Very good	4-Good	4-Good	4-Good	4-Good	few		4.5	4	3.5	4.5	4	3.5
2020-3-25	TRUE	FALSE	TRUE	75	8	FALSE	FALSE	8	bad	TRUE	good	4-Good	few	FALSE	4-Good	4-Good	4-Good	4-Good	4-Good	4-Good	4-Good	4-Good	5-Very good	4-Good	4-Good	3-Okay	4-Good	4-Good	5-Very good	4-Good	many		4.5	4	4	3.5	4	4
2020-3-26	FALSE	FALSE	FALSE	50	8	FALSE	FALSE	8.5	very good	TRUE	very good	4-Good	none	FALSE	3-Okay	4-Good	4-Good	4-Good	4-Good	4-Good	4-Good	4-Good	4-Good	4-Good	5-Very good	5-Very good	3-Okay	4-Good	5-Very good	5-Very good	none		3.5	4	4.5	4.5	3.5	4
2020-3-27	TRUE	FALSE	TRUE		8	FALSE	FALSE	8	very good	TRUE	very good	4-Good	few	FALSE	4-Good	4-Good	5-Very good	4-Good	4-Good	4-Good	4-Good	5-Very good	4-Good	4-Good	4-Good	5-Very good	3-Okay	4-Good	5-Very good	5-Very good	few		4	4	4.5	4.5	3.5	4
2020-3-28	TRUE	TRUE	TRUE			FALSE	FALSE			TRUE				FALSE																			0	0	0	0	0	0
2020-3-29	TRUE	TRUE	TRUE		8	FALSE	FALSE			TRUE				FALSE																			0	0	0	0	0	0
2020-3-30	FALSE	FALSE	TRUE	50	9	FALSE	FALSE	8.5	good	TRUE	bad	2-Bad	few	FALSE	5-Very good	5-Very good	4-Good	4-Good	4-Good	4-Good	4-Good	5-Very good	5-Very good	5-Very good	5-Very good	5-Very good	5-Very good	5-Very good	5-Very good	5-Very good	few		5	5	4.5	4.5	4.5	4.5
2020-3-31	TRUE	FALSE	TRUE	25	6.25	FALSE	FALSE	9.5	good	TRUE	good	3-Okay	none	FALSE	3-Okay	3-Okay	2-Bad	4-Good	1-Very bad	2-Bad	2-Bad	2-Bad	3-Okay	3-Okay	2-Bad	4-Good	1-Very bad	2-Bad	2-Bad	2-Bad	few		3	3	2	4	1	2
2020-4-1	FALSE	FALSE	TRUE	50	8	FALSE	FALSE	9	good	TRUE	good	4-Good	few	FALSE	4-Good	4-Good	4-Good	5-Very good	3-Okay	3-Okay	2-Bad	3-Okay	2-Bad	4-Good	4-Good	5-Very good	2-Bad	4-Good	4-Good	4-Good	none		3	4	4	5	2.5	3.5
2020-4-2	TRUE	FALSE	TRUE	50	8	FALSE	FALSE	10	very good	TRUE	good	4-Good	few	FALSE	2-Bad	4-Good	2-Bad	5-Very good	3-Okay	4-Good	2-Bad	5-Very good	3-Okay	3-Okay	2-Bad	5-Very good	4-Good	4-Good	4-Good	3-Okay	none		2.5	3.5	2	5	3.5	4

